ActivityID,Name,Name_EN,Description,Description_EN,Name_EN_Short
ANLA,Overvåking av anadrom laksefisk,Monitoring of anadromous salmonids,"Nasjonal overvåking av laksebestander for å dokumentere bestandssammensetningen m.m. hos voksen laks, herunder andelen rømt oppdrettsfisk. Etablert bl.a. for å kunne fastsette forskrift om fisketider, tillatt redskap og soner for fiske.","National monitoring of salmon populations to document population composition etc. in adult salmon, including the proportion of escaped farmed fish. Established among other things to be able to determine regulations on fishing times, permitted gear and zones for fishing.",Anadromous Salmonids
ANNE,Annet,Other,Annen type overvåking eller kartlegging som det ikke er naturlig å gruppere under noen av aktivitetene i listen. Gi en nærmere beskrivelse i kommentarfeltet.,Other type of monitoring or mapping that does not naturally fall under any of the activities in the list. Provide a more detailed description in the comment field.,Other
AREA,Effekter av planlagt arealbruk,Effects of planned land use,Arealplanlegging som krever konsekvensutredning etter Plan- og bygningsloven. ,Land use planning that requires impact assessment according to the Planning and Building Act.,Land Use Planning
BADE,Overvåking av badevann,Bathing water monitoring,Overvåking av hygienisk kvalitet i badesesongen.,Monitoring of hygienic quality during the bathing season.,Bathing Water
BAPO,Basisovervåking - påvirka områder,Baseline monitoring - impacted areas,"Overvåking av langsiktige endringer som følge av omfattende menneskelig virksomhet, jf. Vannforskriftens vedlegg V, avsnitt 1.3.1. Karakterisert ved et fast nettverk av overvåkingslokaliteter med lav prøvetakingsfrekvens hvor alle kvalitetselementer overvåkes.","Monitoring of long-term changes resulting from extensive human activity, cf. Annex V of the Water Framework Directive, section 1.3.1. Characterized by a fixed network of monitoring sites with low sampling frequency where all quality elements are monitored.",Baseline - Impacted
BARE,Basisovervåking - referanseforhold,Baseline monitoring - reference conditions,"Representativ overvåking av tilnærmet upåvirket tilstand (naturtilstand) for å vurdere langsiktige endringer i de naturlige forholdene, jf. Vannforskriftens vedlegg V, avsnitt 1.3.1. Karakterisert ved et fast nettverk av overvåkingslokaliteter med lav prøvetakingsfrekvens hvor alle kvalitetselementer overvåkes.","Representative monitoring of approximately unaffected state (natural state) to assess long-term changes in natural conditions, cf. Annex V of the Water Framework Directive, section 1.3.1. Characterized by a fixed network of monitoring sites with low sampling frequency where all quality elements are monitored.",Baseline - Reference
BIOM,Overvåking av biologisk mangfold,Monitoring of biodiversity,Nasjonalt program for kartlegging og overvåking av biologisk mangfold i ferskvann og marint miljø.,National program for mapping and monitoring of biodiversity in freshwater and marine environments.,Biodiversity
CEMP,Miljøgifter langs norskekysten,Environmental contaminants along the Norwegian coast,"Statlig program for forurensningsovervåking: Coordinated Environmental Monitoring Programme (CEMP). Trendovervåking av miljøgifter i marine organismer og bunnsedimenter i påvirkede områder, samt stadfesting av bakgrunnsnivåer og trender i ikke påvirkede områder, langs hele norskekysten. Programmet ble avsluttet i 2011 og er videreført i programmet Milkys fra og med 2012.","State program for pollution monitoring: Coordinated Environmental Monitoring Programme (CEMP). Trend monitoring of environmental contaminants in marine organisms and bottom sediments in impacted areas, as well as confirmation of background levels and trends in unaffected areas, along the entire Norwegian coast. The program was terminated in 2011 and continued in the Milkys program from 2012.",Coastal Contaminants (CEMP)
DEPO,Overvåking av avrenning fra landdeponi,Monitoring of runoff from land disposal sites,Overvåking av sigevann og grunnvann som er påvirket av avrenning fra landdeponi (forurenset grunn).,Monitoring of leachate and groundwater affected by runoff from land disposal sites (contaminated soil).,Land Disposal Runoff
DRIK,Overvåking av drikkevann,Drinking water monitoring,"Overvåking (limnologisk undersøkelse) av råvannskilden, dvs. vannforekomsten (elv, innsjø eller grunnvann) som råvannet hentes fra.","Monitoring (limnological survey) of the raw water source, i.e. the water body (river, lake or groundwater) from which raw water is drawn.",Drinking Water Source
ELMU,Overvåking av elvemusling,Freshwater pearl mussel monitoring,Statlig miljøovervåking: Overvåkingen dokumenterer utviklingen i bestander av elvemusling over tid i hele landet og behovet for tiltak. Elvemusling overvåkes i 40 lokaliteter fordelt på hele landet. Programperiode: 2000-2015 og 2018-2023.,State environmental monitoring: The monitoring documents the development of freshwater pearl mussel populations over time throughout the country and the need for measures. Freshwater pearl mussel is monitored at 40 sites distributed across the country. Program period: 2000-2015 and 2018-2023.,Freshwater Pearl Mussel
ELVE,Elveovervåkingsprogrammet,River monitoring program,"Statlig miljøovervåking: Elveovervåkingsprogrammet startet i 2017 og er en arvtager av Elvetilførselsprogrammet (RID). Programmet består av 46 av Norges største vassdrag og dekker dermed de største nedbørsfeltene i landet. Biologiske parametere (bunndyr, begroingsalger og fisk) undersøkes hvert tredje år, mens vannkvaliteten (miljøgifter, næringssalter, andre vannkvalitetsparametere) overvåkes månedlig i 20 av elvene. Formålet med programmet er å måle vannkvalitet og effekter av klimaendringer i norske elver, samt beregne totale tilførsler av næringssalter, organisk materiale og miljøgifter til norske havområder. ","State environmental monitoring: The river monitoring program started in 2017 and is a successor to the River input program (RID). The program consists of 46 of Norway's largest watercourses and thus covers the largest catchment areas in the country. Biological parameters (benthic invertebrates, periphyton and fish) are examined every three years, while water quality (environmental contaminants, nutrients, other water quality parameters) is monitored monthly in 20 of the rivers. The purpose of the program is to measure water quality and effects of climate change in Norwegian rivers, as well as calculate total inputs of nutrients, organic matter and environmental contaminants to Norwegian sea areas.",River Monitoring
ELVS,Elveserien. Kjemisk overvåking av norske vassdrag. ,River series. Chemical monitoring of Norwegian watercourses.,"Kjemisk overvåking av et utvalg elver på Sørlandet i forbindelse med oppfølging av vassdragsforsuring startet i 1965/66. Denne overvåkingen ble ledet av daværende Fiskeforskningen, Direktoratet for jakt, viltstell og ferskvannsfisk, senere Direktoratet for naturforvaltning. Målet for denne undersøkelsen var å registrere eventuelle endringer i elvenes forsuringsforhold over tid. Fra begynnelsen av 1990-tallet er antall vassdrag gradvis redusert og flere lokaliteter er etter hvert avviklet. En del vassdrag som fram til 1980-tallet var inkludert i Elveserien, ble siden innlemmet i kalkingsovervåkingen og rapporteres som en del av denne. Elveserien har siden 1995 bestått av 20 lokaliteter fordelt på 18 vassdrag.","Chemical monitoring of a selection of rivers in Southern Norway in connection with follow-up of watercourse acidification started in 1965/66. This monitoring was led by the then Fisheries Research, Directorate for hunting, game management and freshwater fish, later the Directorate for Nature Management. The goal of this survey was to record any changes in the rivers' acidification conditions over time. From the beginning of the 1990s, the number of watercourses has been gradually reduced and several sites have eventually been discontinued. Some watercourses that were included in the River series until the 1980s were later incorporated into liming monitoring and reported as part of this. Since 1995, the River series has consisted of 20 sites distributed across 18 watercourses.",River Series
EMUD,"Effekter av mudring, utfylling og dumping","Effects of dredging, filling and dumping","Pålagte undersøkelser for å vurdere effekten av mudring, utfylling og dumping av masser som kan medføre forurensning, jf. forurensningsforskriftens § 22.","Mandatory surveys to assess the effect of dredging, filling and dumping of masses that may cause pollution, cf. section 22 of the Pollution Regulations.",Dredging & Dumping
EUTR,Landsomfattende trofiundersøkelse,Nationwide trophic survey,Statlig program for forurensningsovervåking: Landsomfattende/regional undersøkelse av trofitilstanden i norske innsjøer (EUREGI). Programmet ble avsluttet i 2001.,State program for pollution monitoring: Nationwide/regional survey of the trophic state in Norwegian lakes (EUREGI). The program was terminated in 2001.,Trophic Survey (EUREGI)
FLYP,Overvåking av påvirkning fra flyplasser,Monitoring of impact from airports,Overvåking i regi av Forsvarsbygg og Avinor for å spore effekter av avrenning til grunnvann og vassdrag fra flyplasser.,Monitoring by the Norwegian Defence Estates Agency and Avinor to trace effects of runoff to groundwater and watercourses from airports.,Airport Impact
FORS,Forsuringsovervåking,Acidification monitoring,"Statlig program for forurensningsovervåking: Overvåking av effekter av langtransportert forurenset luft og nedbør. Programmet skal ivareta registrering av endringer i forsuringsforhold i større nedbørfelt (elver), innsjøer og feltforskningsområder.","State program for pollution monitoring: Monitoring of effects of long-range transported polluted air and precipitation. The program shall maintain registration of changes in acidification conditions in larger catchment areas (rivers), lakes and field research areas.",Acidification
FOSJ,Overvåking av forurenset sjøbunn,Monitoring of polluted seabed,Kartlegging av sedimenter langs norskekysten som har forhøyede konsentrasjoner av miljøgifter eller myndighetspålagt overvåking i områder hvor det planlegges eller gjennomføres oppryddingstiltak.,Mapping of sediments along the Norwegian coast that have elevated concentrations of environmental contaminants or authority-mandated monitoring in areas where remediation measures are planned or implemented.,Polluted Seabed
FREM,Overvåking av fremmede arter,Monitoring of alien species,Overvåking av arter som opptrer på «Fremmedartlista 2018» publisert av Artsdatabanken.,"Monitoring of species listed on the ""Alien Species List 2018"" published by the Norwegian Biodiversity Information Centre.",Alien Species
FULM,JAMP Fullmar Plastic North Sea,JAMP Fulmar Plastic North Sea,Monitoring and Assessment of plastic particles in stomachs of fulmars in the North Sea area. OSPAR agreement 2015-03.,Monitoring and Assessment of plastic particles in stomachs of fulmars in the North Sea area. OSPAR agreement 2015-03.,Fulmar Plastic
GEOS,Geologi i Oslo-regionen (GEOS),Geology in the Oslo region (GEOS),"En omfattende geologisk kartlegging og prøvetakning i Oslo-regionen 2003 - 2009. I regi av GEOS-prosjektet har NGU foretatt en heldekkende maringeologisk kartlegging av Oslofjorden. Målet med kartleggingen var blant annet å skaffe informasjon om dybdeforhold, lage kart over bunntyper, definere sedimentmektigheter og akkumulasjonsområder, og å kartlegge miljøtilstanden. I 53 kjerneprøver av bunnsedimenter ble det ved kjemiske analyser målt konsentrasjoner av tungmetaller og andre miljøelementer.","An extensive geological mapping and sampling in the Oslo region 2003 - 2009. Under the GEOS project, NGU has conducted comprehensive marine geological mapping of the Oslo Fjord. The goal of the mapping was among other things to obtain information about depth conditions, create maps of bottom types, define sediment thicknesses and accumulation areas, and to map environmental conditions. In 53 core samples of bottom sediments, concentrations of heavy metals and other environmental elements were measured through chemical analyses.",Oslo Geology (GEOS)
GRUV,Overvåking av gruvepåvirka vassdrag,Monitoring of mine-impacted watercourses,Kartlegging og overvåking av forurensninger fra aktive og nedlagte gruver og overvåking av effekter av gjennomførte tiltak for å redusere avrenning av tungmetaller fra gruveområder.,Mapping and monitoring of pollution from active and closed mines and monitoring of effects of implemented measures to reduce runoff of heavy metals from mine areas.,Mine Impact
GRVN,Overvåking av grunnvann,Groundwater monitoring,Overvåking i regi av NGU: «Landsomfattende mark- og grunnvannsnett (LGN)» og «Kartlegging og overvåkning av typelokaliteter for grunnvann med antropogen belastning».,"Monitoring by NGU: ""National soil and groundwater network (LGN)"" and ""Mapping and monitoring of type localities for groundwater with anthropogenic loading"".",Groundwater
HAVF,Overvåking av havforsuring,Ocean acidification monitoring,"Statlig miljøovervåking: Havforsuring er en ganske nyoppdaget problemstilling, og denne typen overvåkning er derfor også ny. I første omgang er det derfor viktig å finne ut mer om hvordan tilstanden er i norske havområder, både hvor store de naturlige svingningene er, men også hvor fort havet blir surere på grunn av menneskeskapte CO2-utslipp. Programmer omfatter prøvetaking i overflaten og i vannsøylen langs faste transekter i Skagerrak, Norskehavet og Barentshavet.","State environmental monitoring: Ocean acidification is a fairly newly discovered problem, and this type of monitoring is therefore also new. Initially, it is therefore important to find out more about what the situation is in Norwegian sea areas, both how large the natural fluctuations are, but also how quickly the ocean is becoming more acidic due to man-made CO2 emissions. Programs include sampling at the surface and in the water column along fixed transects in the Skagerrak, Norwegian Sea and Barents Sea.",Ocean Acidification
IKOS,IKO Svalbard,IKO Svalbard,Statlig miljøovervåking: Uttesting av konsept for integrert klimaovervåking i vann (2022-2026). Formålet med prosjektet er å teste ut om konsept for integrert klimaovervåking i vann kan være en god tilnærming for langsiktig dokumentasjon på eksisterende/pågående klimaeffekter. Data som samles inn vil være viktige for modellering av klimaendringenes effekt på akvatiske økosystemer i Arktis og på fastlandet.,State environmental monitoring: Testing of concept for integrated climate monitoring in water (2022-2026). The purpose of the project is to test whether the concept for integrated climate monitoring in water can be a good approach for long-term documentation of existing/ongoing climate effects. Data collected will be important for modeling the effect of climate change on aquatic ecosystems in the Arctic and on the mainland.,Climate Monitoring (IKO)
INDU,Overvåking av påvirkning fra industri,Monitoring of impact from industry,"Myndighetspålagt overvåking av industri med utslippstillatelse, jf. Forurensningslovens § 51 eller Forurensningsforskriften.","Authority-mandated monitoring of industry with discharge permits, cf. section 51 of the Pollution Act or the Pollution Regulations.",Industrial Impact
INNL,Overvåking av innlandsfisk,Monitoring of inland fish,"Overvåking av fiskebestander for å fastsette lokale forskrifter om fisketider, tillatt redskap og soner for fiske.","Monitoring of fish stocks to determine local regulations on fishing times, permitted gear and zones for fishing.",Inland Fish
JOVA,Jord- og vannovervåking i landbruket,Agricultural soil and water monitoring,"Nasjonalt overvåkingsprogram (JOVA-programmet) for landbruksdominerte nedbørfelt. Har et landsdekkende nett av målestasjoner i små nedbørfelt dominert av jordbruk, hvor det måles avrenning og analyseres for vannkvalitet i bekker i jordbrukslandskapet.","National monitoring program (JOVA program) for agriculture-dominated catchments. Has a nationwide network of measuring stations in small catchments dominated by agriculture, where runoff is measured and water quality is analyzed in streams in the agricultural landscape.",Agricultural Soil & Water
JRBN,Overvåking av påvirkning fra jernbane,Monitoring of impact from railways,Overvåking i regi av Bane NOR og andre utbyggere for å undersøke miljøeffektene av utbygging av jernbane før og under anleggsperioden og i etterfølgende driftsfase.,Monitoring by Bane NOR and other developers to investigate the environmental effects of railway development before and during the construction period and in the subsequent operational phase.,Railway Impact
KAKA,Kartlegging av kalksjøer,Mapping of calcareous lakes,"Undersøkelser i innsjøer omtalt som viktig naturtype (Kalksjø E07) i ferskvann/våtmark, jf. DN-håndbok 13-2006.","Surveys in lakes referred to as important nature type (Calcareous lake E07) in freshwater/wetland, cf. DN handbook 13-2006.",Calcareous Lakes
KALK,Tiltaksovervåking i kalkede laksevassdrag,Measures monitoring in limed salmon watercourses,"Nasjonalt program for biologisk og vannkjemisk overvåking av effekten av kalking i laksevassdrag. De overordnede målene for kalkingsvirksomheten
er å sikre eller gjenskape «god økologisk tilstand» etter vannforskriften med hensyn til forsuring, og å
sikre god tilgjengelighet til fritidsfiske (høstbart overskudd) i forsuringsrammede områder.","National program for biological and water chemistry monitoring of the effect of liming in salmon watercourses. The overarching goals for liming activities are to ensure or recreate ""good ecological status"" according to the Water Framework Directive with regard to acidification, and to ensure good availability for recreational fishing (harvestable surplus) in acidification-affected areas.",Limed Salmon Waters
KALL,Lokal overvåking av kalka vassdrag,Local monitoring of limed watercourses,Lokalt program for overvåking av effekten av kalking og gi grunnlag for å evaluere og eventuelt kunne justere kalkingsstrategien.,Local program for monitoring the effect of liming and provide a basis for evaluating and possibly adjusting the liming strategy.,Local Liming
KART,Kartlegging av arter,Mapping of species,Nasjonal kartlegging av funksjonsområder til arter i ferskvann og sjø.,National mapping of functional areas for species in freshwater and sea.,Species Mapping
KAVE,Overvåking av påvirkning fra vegtrafikk,Monitoring of impact from road traffic,"Overvåking i regi av Statens vegvesen, Nye Veger AS og andre utbyggere for å undersøke miljøeffektene av utbygging av veg før og under anleggsperioden og i etterfølgende driftsfase.","Monitoring by the Norwegian Public Roads Administration, Nye Veger AS and other developers to investigate the environmental effects of road development before and during the construction period and in the subsequent operational phase.",Road Traffic Impact
KOMM,Overvåking av påvirkning fra avløp,Monitoring of impact from sewage,"Overvåking i regi av kommuner for å undersøke miljøeffekter i resipienter av utslipp fra renseanlegg, overløp eller andre urensede utslipp.","Monitoring by municipalities to investigate environmental effects in recipients of discharges from treatment plants, overflows or other untreated discharges.",Sewage Impact
KYST,Kystovervåkingsprogrammet,Coastal monitoring program,Statlig program for forurensningsovervåking: Langtidsovervåking av miljøkvaliteten i kystområdene av Norge. Programmet gir oversikt over miljøtilstanden m.h.p. næringssalter og dokumenterer effekter av næringssalter på utviklingen og tilstanden i hard- og bløtbunnssamfunnene. Programmet ble avsluttet i 2010 og er videreført sammen med overvåking av sukkertare i programmet ØkoKyst fra og med 2013.,State program for pollution monitoring: Long-term monitoring of environmental quality in the coastal areas of Norway. The program provides an overview of the environmental status with respect to nutrients and documents effects of nutrients on the development and status of hard-bottom and soft-bottom communities. The program was terminated in 2010 and continued together with sugar kelp monitoring in the ØkoKyst program from 2013.,Coastal Monitoring
LANG,Lange tidsserier,Long time series,Årlig tilskudd fra Klima- og miljødepartementet (KLD) til finansiering av lange overvåkingstidsserier for å sikre den grunnleggende forskningsinfrastrukturen som lange tidsserier representerer.,Annual grant from the Ministry of Climate and Environment (KLD) for financing long monitoring time series to ensure the basic research infrastructure that long time series represent.,Long Time Series
LTAM,Langtransporterte atmosfæriske miljøgifter,Long-range transported atmospheric contaminants,"Statlig miljøovervåking: Programmet omfatter overvåking av et utvalg organiske miljøgifter og tungmetaller i luft på Birkenes, Andøya og Zeppelinfjellet (Svalbard). Aktiviteten omfatter også overvåkingsprogrammet Norge - Russland representert ved målestasjonene Svanvik og Karpdalen.","State environmental monitoring: The program includes monitoring of a selection of organic environmental contaminants and heavy metals in air at Birkenes, Andøya and Zeppelinfjellet (Svalbard). The activity also includes the Norway-Russia monitoring program represented by the measuring stations Svanvik and Karpdalen.",Atmospheric Contaminants
MARE,Kartlegging av miljøgifter i sedimenter - MAREANO,Mapping of environmental contaminants in sediments - MAREANO,"MAREANO kartlegger dybde, bunnforhold, biologisk mangfold, naturtyper og forurensning i sedimentene i norske kyst- og havområder.","MAREANO maps depth, bottom conditions, biodiversity, nature types and pollution in sediments in Norwegian coastal and sea areas.",MAREANO Sediments
MGKK,Marine grunnkart i kystsonen,Marine basic maps in the coastal zone,"Et samarbeid mellom Kartverket, Norges geologiske undersøkelse og Havforskningsinstituttet om å samle inn og dele kunnskap og data langs kysten av Norge.","A collaboration between the Norwegian Mapping Authority, the Geological Survey of Norway and the Institute of Marine Research to collect and share knowledge and data along the coast of Norway.",Marine Coastal Maps
MIFE,Miljøgifter i ferskvann,Environmental contaminants in freshwater,Statlig program for forurensningsovervåking: Overvåking av miljøgifter i innsjøsedimenter og ferskvannsfisk. Programmet følger utviklingen i konsentrasjonen av enkelte tungmetaller og organiske miljøgifter i utvalgte innsjøer over hele Norge. Programmet er avsluttet og videreført i MilFersk fra og med 2015.,State program for pollution monitoring: Monitoring of environmental contaminants in lake sediments and freshwater fish. The program follows the development in the concentration of certain heavy metals and organic environmental contaminants in selected lakes throughout Norway. The program was terminated and continued in MilFersk from 2015.,Freshwater Contaminants
MILK,Miljøgifter i kystområdene (MilKys),Environmental contaminants in coastal areas (MilKys),"Statlig miljøovervåking: Programmet følger med på de mest miljøfarlige tungmetallene og organiske miljøgifter i marine organismer langs kysten fra Oslofjorden til Varangerfjorden. I tillegg undersøkes biologisk effekter på et utvalg av stasjonene. Biologisk effektovervåking er inkludert i programmet for å vurdere hvilken påvirkning miljøgifter har på organismer. Programmet er en direkte videreføring av ""Miljøgifter langs norskekysten"" (CEMP).","State environmental monitoring: The program monitors the most environmentally hazardous heavy metals and organic environmental contaminants in marine organisms along the coast from the Oslo Fjord to the Varanger Fjord. In addition, biological effects are investigated at a selection of the stations. Biological effect monitoring is included in the program to assess what impact environmental contaminants have on organisms. The program is a direct continuation of ""Environmental contaminants along the Norwegian coast"" (CEMP).",Coastal Contaminants (MilKys)
MINN,Miljøgifter i ferskvann (MilFersk),Environmental contaminants in freshwater (MilFersk),"Statlig miljøovervåking: Miljøgifter i næringsnett i en stor norsk innsjø (delprogram 1) og basisovervåking av miljøgifter i ferskvannsfisk (delprogram 2). Hensikten med delprogram 1 er å gi informasjon om forekomst og skjebne til miljøgifter i norske ferskvannsøkosystem. Programmet omfatter prøvetaking og analyse av prøver fra ulike nivåer i næringskjeden (abiotiske prøver, plankton og fisk) i en utvalgt stor innsjø. Det vil også måles miljøgiftnivåer i toppredator i en referansesjø for sammenligning. Hensikten med delprogram 2 er å gi informasjon om forekomst og nivå av EUs prioriterte stoffer i ferskvannsfisk.","State environmental monitoring: Environmental contaminants in food webs in a large Norwegian lake (subprogram 1) and baseline monitoring of environmental contaminants in freshwater fish (subprogram 2). The purpose of subprogram 1 is to provide information about the occurrence and fate of environmental contaminants in Norwegian freshwater ecosystems. The program includes sampling and analysis of samples from different levels in the food chain (abiotic samples, plankton and fish) in a selected large lake. Environmental contaminant levels will also be measured in top predators in a reference lake for comparison. The purpose of subprogram 2 is to provide information about the occurrence and level of EU priority substances in freshwater fish.",Freshwater Contaminants (MilFersk)
MIPL,"Mikroplast i kystområder, elver og innsjøer (Mikronor)","Microplastics in coastal areas, rivers and lakes (Mikronor)","Statlig miljøovervåking: Dette overvåkingsprogrammet måler nivåer og typer av mikroplast i norsk kystvann, elver og innsjøer. Mikroplast er definert som faststoffpartikler som inneholder syntetiske eller bearbeidede polymerer i størrelsesorden 5 mm og mindre. Siden mikroplast er en heterogen gruppe med partikler i ulike størrelser, bestående av ulike materialer, med ulik form, tetthet og farge, analyseres hver prøve for størrelse, type plast, form og farge. ","State environmental monitoring: This monitoring program measures levels and types of microplastics in Norwegian coastal waters, rivers and lakes. Microplastics are defined as solid particles containing synthetic or processed polymers in the size range of 5 mm and smaller. Since microplastics are a heterogeneous group of particles in different sizes, consisting of different materials, with different shape, density and color, each sample is analyzed for size, type of plastic, shape and color.",Microplastics (Mikronor)
MIPR,Miljøgifter i produkter,Environmental contaminants in products,,,Product Contaminants
MITE,Miljøgifter i terrestrisk og bynært miljø (Milby),Environmental contaminants in terrestrial and urban environments (Milby),"Statlig miljøovervåking: Programmet søker å besvare spørsmål om miljøgiftene oppfører seg likt i vann som på land, eller om de har en annen skjebne i terrestriske næringskjeder, og om det er forskjeller i miljøgiftnivåer mellom bygd og by. Resultatene fra programmet vil bli brukt i nasjonal og internasjonal regulering av miljøgifter, samt artsforvaltning.","State environmental monitoring: The program seeks to answer questions about whether environmental contaminants behave the same on land as in water, or whether they have a different fate in terrestrial food chains, and whether there are differences in environmental contaminant levels between rural and urban areas. The results from the program will be used in national and international regulation of environmental contaminants, as well as species management.",Terrestrial & Urban Contaminants
MIUR,Miljøgifter i en urban fjord,Environmental contaminants in an urban fjord,"Programmet omfatter undersøkelse av kilder til miljøgifter og hvordan miljøgifter oppfører seg i næringskjeden. Indre Oslofjord brukes som modell for andre fjorder i Norge med lignende påvirkning. Programmet skal også se på om stoffene hoper seg opp i næringskjeden. Disse artene er valgt ut til å representere næringsnettet i Indre Oslofjord: børstemark, reker, flatfisk, torsk, blåskjell og gråmåke. I tillegg skal det tas prøver av overvann og avrenning. Resultatene skal brukes i nasjonal og internasjonal regulering av miljøgifter, kildesporing, i tiltak mot utslipp, og i artsforvaltningen.","The program includes investigation of sources of environmental contaminants and how environmental contaminants behave in the food chain. The Inner Oslo Fjord is used as a model for other fjords in Norway with similar impact. The program will also look at whether the substances accumulate in the food chain. These species have been selected to represent the food web in the Inner Oslo Fjord: polychaetes, shrimp, flatfish, cod, blue mussels and herring gulls. In addition, samples of surface water and runoff will be taken. The results will be used in national and international regulation of environmental contaminants, source tracking, in measures against emissions, and in species management.",Urban Fjord Contaminants
MOMC,Miljøovervåking akvakulturanlegg,Environmental monitoring aquaculture facilities,"Miljøovervåking knyttet til alle akvakulturanlegg. Det omfatter flytende akvakulturanlegg (jf. NS 9410:2016), settefiskanlegg med punktutslipp og landbaserte anlegg.","Environmental monitoring related to all aquaculture facilities. It includes floating aquaculture facilities (cf. NS 9410:2016), smolt facilities with point discharge and land-based facilities.",Aquaculture Facilities
MONS,Feltspesifikk miljøovervåking på norsk sokkel,Field-specific environmental monitoring on the Norwegian shelf,Overvåking av sediment og biota for å påvise og kartlegge forurensning omkring de enkelte installasjonene på norsk sokkel.,Monitoring of sediment and biota to detect and map pollution around individual installations on the Norwegian shelf.,Offshore Installations
MOSE,Moseprogrammet,Moss program,Statlig miljøovervåking: Overvåking av tungmetaller og organisk miljøgifter i etasjemose (Hylocomium splendens).,State environmental monitoring: Monitoring of heavy metals and organic environmental contaminants in feather moss (Hylocomium splendens).,Moss Program
MYFO,Myndighetspålagt forurensningsovervåking,Authority-mandated pollution monitoring,"Karteggingsundersøkelser eller overvåking av effekter av forurensende virksomhet, jf. Forurensningslovens § 51 eller Forurensningsforskriften. Benytt fortrinnsvis mer spesifikke aktiviteter som «Miljøovervåking akvakulturanlegg» (MOMC), «Effekter av vassdragsinngrep» (VASS), «Overvåking av avrenning fra landdeponi» (DEPO), «Overvåking av forurenset sjøbunn» (FOSJ), «Overvåking av påvirkning fra industri (INDU)», «Overvåking av påvirkning fra avløp (KOMM)», «Overvåking av påvirkning fra flyplasser» (FLYP), «Overvåking av påvirkning fra jernbane» (JRNB), «Overvåking av påvirkning fra vegtrafikk» (KAVE) eller «Overvåking av påvirkning fra skytefelt» (SKYT) dersom de passer.","Mapping surveys or monitoring of effects of polluting activity, cf. section 51 of the Pollution Act or the Pollution Regulations. Preferably use more specific activities such as ""Environmental monitoring aquaculture facilities"" (MOMC), ""Effects of watercourse interventions"" (VASS), ""Monitoring of runoff from land disposal sites"" (DEPO), ""Monitoring of polluted seabed"" (FOSJ), ""Monitoring of impact from industry (INDU)"", ""Monitoring of impact from sewage (KOMM)"", ""Monitoring of impact from airports"" (FLYP), ""Monitoring of impact from railways"" (JRNB), ""Monitoring of impact from road traffic"" (KAVE) or ""Monitoring of impact from firing ranges"" (SKYT) if they fit.",Pollution Monitoring
OEKF,Økosystemovervåkning i ferskvann (ØkoFersk),Ecosystem monitoring in freshwater (ØkoFersk),"Statlig miljøovervåking: Programmet startet i 2013 og består av to deler som tidligere har vært separate overvåkningsprogrammer, ""Overvåkning av langtransportert forurenset luft og nedbør - vannkjemisk og biologisk del"" og ""Basisovervåking i ferskvann"". Hensikten med programmet er å vurdere tilstand og utvikling i forhold til Vannforskriftens mål i et utvalg av norske vannforekomster, og å kunne vurdere utvikling når det gjelder forsuringsstatus i norsk natur.","State environmental monitoring: The program started in 2013 and consists of two parts that have previously been separate monitoring programs, ""Monitoring of long-range transported polluted air and precipitation - water chemistry and biological part"" and ""Baseline monitoring in freshwater"". The purpose of the program is to assess condition and development in relation to the Water Framework Directive's goals in a selection of Norwegian water bodies, and to be able to assess development regarding acidification status in Norwegian nature.",Freshwater Ecosystem (ØkoFersk)
OEKK,Økosystemovervåking i kystvann (ØkoKyst),Ecosystem monitoring in coastal waters (ØkoKyst),"Statlig miljøovervåking: Overvåkingsprogrammet startet i 2013 som en arvtager til Kystovervåkingsprogrammet (KYO) og Sukkertareoveråkingen (KYS). Programmet omfatter områdene: Skagerrak, Rogaland, Hordaland, Møre og Romsdal, Trøndelag, Helgeland, Nordland og Finnmark. I områdene Skagerrak og Rogaland er det særlig fokus på overvåking av sukkertare. Økokyst dekker inn deler av den nasjonale basisovervåkingen i henhold til vannforskriften og danner grunnlaget for utvikling av klassifiseringssystemet under vannforskriften.","State environmental monitoring: The monitoring program started in 2013 as a successor to the Coastal monitoring program (KYO) and the Sugar kelp monitoring (KYS). The program covers the areas: Skagerrak, Rogaland, Hordaland, Møre og Romsdal, Trøndelag, Helgeland, Nordland and Finnmark. In the areas Skagerrak and Rogaland there is particular focus on monitoring of sugar kelp. ØkoKyst covers parts of the national baseline monitoring according to the Water Framework Directive and forms the basis for development of the classification system under the Water Framework Directive.",Coastal Ecosystem (ØkoKyst)
OEKS,Økosystemovervåking i store innsjøer (ØkoStor),Ecosystem monitoring in large lakes (ØkoStor),"Statlig miljøovervåking: Økosystemovervåking i store innsjøer (ØKOSTOR) startet i 2015. Totalt inngår 24 innsjøer i programmet. Hver innsjø skal undersøkes hvert 4. år. I fire av innsjøene gjennomføres et redusert program hvert år.  Formålet med programmet er å fastsette økologisk tilstand i sjøene, styrke datagrunnlaget for fastsettelse av referanseverdier for de ulike kvalitetselementene i store innsjøer og å tilpasse metodikk for overvåkning og klassifisering til bruk i store innsjøer. Disse kvalitetselementer undersøkes i innsjøene: Planteplankton, dyreplankton, bunndyr, vannplanter, fisk og fysisk-kjemiske parametere.","State environmental monitoring: Ecosystem monitoring in large lakes (ØKOSTOR) started in 2015. A total of 24 lakes are included in the program. Each lake is to be examined every 4 years. In four of the lakes, a reduced program is conducted annually. The purpose of the program is to determine ecological status in the lakes, strengthen the data basis for determining reference values for the various quality elements in large lakes and to adapt methodology for monitoring and classification for use in large lakes. These quality elements are examined in the lakes: Phytoplankton, zooplankton, benthic fauna, aquatic plants, fish and physico-chemical parameters.",Large Lake Ecosystem (ØkoStor)
OESA,Vannovervåking med satellitt (ØKOSAT),Water monitoring with satellite (ØKOSAT),Statlig miljøovervåking: Utvikling av komplementær metode for å måle vannkvalitetsparametre fra satellitt i innsjøer og kystvann for vanndirektivet.,State environmental monitoring: Development of complementary method for measuring water quality parameters from satellite in lakes and coastal waters for the Water Framework Directive.,Satellite Monitoring (ØKOSAT)
OMAS,Organiske miljøgifter i norsk avløpsslam,Organic environmental contaminants in Norwegian sewage sludge,,,Sewage Sludge Contaminants
PASV,Pasvikprogrammet,Pasvik program,"Vannovervåking i Pasvikvassdraget og innsjøer på Jarfjordfjellet (Pasvikprogrammet), Sør-Varanger kommune. Overvåkingen inngår i det trilaterale vannovervåkingsprogrammet for grenseområdet mellom Norge, Finland og Russland, og er en del av arbeidsprogrammet for den norsk-russiske miljøvernkommisjonen (DGS-1). Hovedformålet er å kartlegge virkninger av forurensning fra smelteverket i Nikel, Russland. ","Water monitoring in the Pasvik watercourse and lakes on Jarfjordfjellet (Pasvik program), Sør-Varanger municipality. The monitoring is part of the trilateral water monitoring program for the border area between Norway, Finland and Russia, and is part of the work program for the Norwegian-Russian environmental protection commission (DGS-1). The main purpose is to map effects of pollution from the smelter in Nikel, Russia.",Pasvik Program
PROB,Problemkartlegging,Problem investigation,"Overvåking iverksatt for å klarlegge årsaken til eventuelle overskridelser eller at vannforekomsten(e) ikke oppfyller miljømålene, jf. Vannforskriftens vedlegg V, avsnitt 1.3.3. Overvåkingen skal danne grunnlag for å utarbeide tiltaksprogram. Kan om nødvendig erstattes av tiltaksorientert overvåking når årsaksforholdene er klarlagt og det er behov for å iverksette tiltak.","Monitoring initiated to clarify the cause of any exceedances or that the water body(ies) do not meet environmental objectives, cf. Annex V of the Water Framework Directive, section 1.3.3. The monitoring shall form the basis for developing programs of measures. Can if necessary be replaced by measures-oriented monitoring when causal relationships are clarified and there is a need to implement measures.",Problem Investigation
RELV,Referanseelver,Reference rivers,"Statlig miljøovervåking: Overvåking av referanseelver omfatter vassdrag med ingen eller ubetydelig menneskelig påvirkning. Vassdragene er antatte referanselokaliteter. De overvåkes for å gi kunnskap om referansetilstand i ulike vanntyper og er en viktig del av basisovervåkingen som følger av Vannforskriften. Data fra overvåkingen brukes også til å verifisere og videreutvikle klassifiseringssystemet for miljøtilstand i vann. Parametergruppene som inngår i overvåkingen er miljøgifter, påvekstalger, bunndyr, fisk og vannkjemiske parametere.","State environmental monitoring: Monitoring of reference rivers includes watercourses with no or insignificant human impact. The watercourses are assumed reference sites. They are monitored to provide knowledge about reference conditions in different water types and are an important part of the baseline monitoring that follows from the Water Framework Directive. Data from the monitoring are also used to verify and further develop the classification system for environmental status in water. The parameter groups included in the monitoring are environmental contaminants, periphyton, benthic fauna, fish and water chemistry parameters.",Reference Rivers
RENS,Regional miljøovervåking på norsk sokkel,Regional environmental monitoring on the Norwegian shelf,Overvåking av bakgrunnsnivåer av forurensningskomponenter fra oljevirksomheten på norsk sokkel. Omfatter både referansestasjoner og regionale stasjoner.,Monitoring of background levels of pollution components from oil operations on the Norwegian shelf. Includes both reference stations and regional stations.,Offshore Regional
RIDD,Elvetilførselsprogrammet,River input program,"Statlig program for forurensningsovervåking: Overvåking av elvetilførsler til norske havområder (RID). Programmet gir en årlig kvantitativ vurdering av tilførsler til norske kystområder via vassdrag, arealavrenning og direkte utslipp av utvalgte forurensningskomponenter. Programmet ble avsluttet i 2016 og for en stor del videreført i Elveovervåkingsprogrammet.","State program for pollution monitoring: Monitoring of river inputs to Norwegian sea areas (RID). The program provides an annual quantitative assessment of inputs to Norwegian coastal areas via watercourses, area runoff and direct discharges of selected pollution components. The program was terminated in 2016 and largely continued in the River monitoring program.",River Input (RID)
SCRE,Kartlegging av nye miljøgifter,Mapping of new environmental contaminants,"Statlig program for forurensningsovervåking: Kartlegging (screening) av utvalgte nye miljøgifter. Programmet skal bidra til tidlig varsling av mulige problemer om potensielt helse- og miljøfarlige stoffer, og skal gi grunnlag for å avgjøre om et stoff bør innlemmes i langsiktige overvåkingsprogrammer. ","State program for pollution monitoring: Mapping (screening) of selected new environmental contaminants. The program shall contribute to early warning of possible problems about potentially health and environmentally hazardous substances, and shall provide a basis for deciding whether a substance should be included in long-term monitoring programs.",Screening New Contaminants
SJOM,Sjømatdata,Seafood data,"Program for dokumentasjon og overvåkning ved NIFES startet i 1994. Målet er å tilfredsstille behov for uavhengig data for Mattilsynet, fiskerimyndigheter, fiskeribransjen, oppdrettsindustrien, og matvaremarkeder. Det jobbes også for å etablere trender over tid, og avdekke mulige forskningsområder. Omfatter også prosjektet ”Basisundersøkelser av fremmedstoffer i viktige fiskearter i perioden 2009–2010” finansiert av Fiskeri- og havbruksnæringens forskningsfond (FHF).","Program for documentation and monitoring at NIFES started in 1994. The goal is to satisfy needs for independent data for the Food Safety Authority, fisheries authorities, the fisheries industry, the aquaculture industry, and food markets. Work is also done to establish trends over time, and uncover possible research areas. Also includes the project ""Basic investigations of contaminants in important fish species in the period 2009–2010"" financed by the Research Fund for the Fisheries and Aquaculture Industry (FHF).",Seafood Data
SKYT,Overvåking av påvirkning fra skytefelt,Monitoring of impact from firing ranges,Overvåking av forsvarets skyte- og øvingsfelt,Monitoring of the Armed Forces' firing and training ranges,Firing Range Impact
SOFP,Samordnet overvåking av flere påvirkninger,Coordinated monitoring of multiple impacts,Lokal eller regional overvåking etablert som resultat av et spleiselag mellom statlige myndigheter og forurenser. Denne overvåkingsaktiviteten dekker flere typer påvirkninger.,Local or regional monitoring established as a result of cost-sharing between state authorities and polluter. This monitoring activity covers several types of impacts.,Multiple Impact Coordination
SPFO,Statlig program 1980-2000,State program 1980-2000,Basisundersøkelser og rutineovervåking av enkeltresipienter i regi av Statlig program for forurensingsovervåking (SPFO) i tidsrommet 1980 - 2000. Finansiert utelukkende med statlige midler.,Basic surveys and routine monitoring of individual recipients under the State program for pollution monitoring (SPFO) in the period 1980 - 2000. Financed exclusively with state funds.,State Program 1980-2000
SUKK,Sukkertareovervåkingsprogrammet,Sugar kelp monitoring program,Statlig program for forurensningsovervåking: Miljøovervåking av sukkertare langs norskekysten er et miljøovervåkingsprogram for indre kystområder med fokus på sukkertare. Programmet ble avsluttet i 2012 og er videreført i programmet ØkoKyst fra og med 2013.,State program for pollution monitoring: Environmental monitoring of sugar kelp along the Norwegian coast is an environmental monitoring program for inner coastal areas with focus on sugar kelp. The program was terminated in 2012 and continued in the ØkoKyst program from 2013.,Sugar Kelp
TILF,Tilførselsprogrammet,Input program,"Statlig program for forurensningsovervåking: Overvåking av tilførsler av miljøfarlige stoffer til forvaltningsplanområdene Barentshavet, Norskehavet og Nordsjøen. Programmet ble avsluttet i 2013. Overvåkingen av havforsuring er videreført i eget program for havforsuringsovervåking.","State program for pollution monitoring: Monitoring of inputs of environmentally hazardous substances to the management plan areas Barents Sea, Norwegian Sea and North Sea. The program was terminated in 2013. Ocean acidification monitoring is continued in a separate program for ocean acidification monitoring.",Marine Input
TILT,Tiltaksorientert overvåking,Measures-oriented monitoring,"Overvåking for å fastslå tilstanden til vannforekomster som anses å stå i fare for ikke å nå miljømålene, og vurdere eventuelle endringer i tilstanden til slike vannforekomster som følge av tiltaksprogrammer, jf. Vannforskriftens vedlegg V, avsnitt 1.3.2. Overvåkingen vil være kjennetegnet ved et større antall overvåkingslokaliteter med hyppig prøvetakingsfrekvens, hvor overvåkingen er konsentrert om de biologiske kvalitetselementene eller det hydromorfologiske kvalitetselementet som er mest følsomt for den identifiserte belastningen.","Monitoring to determine the condition of water bodies considered to be at risk of not achieving environmental objectives, and assess any changes in the condition of such water bodies as a result of programs of measures, cf. Annex V of the Water Framework Directive, section 1.3.2. The monitoring will be characterized by a larger number of monitoring sites with frequent sampling frequency, where monitoring is concentrated on the biological quality elements or the hydromorphological quality element that is most sensitive to the identified pressure.",Measures Monitoring
TRUA,Overvåking av trua arter,Monitoring of threatened species,"Overvåking av utvalgte trua arter, bl.a. elvemusling, damfrosk og ferskvannskreps.","Monitoring of selected threatened species, including freshwater pearl mussel, pool frog and noble crayfish.",Threatened Species
VASS,Effekter av vassdragsinngrep,Effects of watercourse interventions,Myndighetspålagt overvåking fastsatt i konsesjon eller krav om konsekvensutredning etter Plan- og bygningsloven. Gjelder særlig overvåking av effekter etter vannkraftutbygginger.,Authority-mandated monitoring specified in concession or requirement for impact assessment according to the Planning and Building Act. Particularly applies to monitoring of effects after hydropower developments.,Watercourse Interventions
WALI,Watch List,Watch List,Overvåkingslisten for overflatevann under Vanndirektivet («Watch List») er et verktøy for å samle inn gode data om nye stoffer som kan være en risiko for vannmiljøet i EU. Listen brukes når vi har for lite informasjon til å vite hvor stor risikoen faktisk er.,"The monitoring list for surface water under the Water Framework Directive (""Watch List"") is a tool for collecting good data on new substances that may be a risk to the water environment in the EU. The list is used when we have too little information to know how great the risk actually is.",Watch List
YOFJ,Overvåking av Ytre Oslofjord,Monitoring of Outer Oslofjord,"Miljøovervåkning i Ytre Oslofjord gjennomføres i regi av Fagrådet for Ytre Oslofjord. Overvåkningen er del av et omfattende program som har pågått siden 2001, og det gjennomføres i programperioder av fem år. Området som undersøkes er avgrenset av Drøbaksterskelen mot Indre Oslofjord, Grenlandsområdet i vest og Iddefjorden i øst.","Environmental monitoring in Outer Oslofjord is conducted by the Advisory Council for Outer Oslofjord. The monitoring is part of an extensive program that has been ongoing since 2001, and is conducted in program periods of five years. The area being examined is bounded by the Drøbak sill towards Inner Oslofjord, the Grenland area in the west and the Iddefjord in the east.",Outer Oslofjord
